{
  "AUROC": 0.9981812169312169,
  "AUPRC": 0.9988683087872746,
  "n_test": 114
}